Workbook
Name Фундамент: Итог!$48:$56

Sheet Ввод информации
A1: 1. Введите общую длину забора | D1: да
A2: 128
A3: 2. Введите высоту забора
A4: 2
A5: 3. Выберите материал
A6: Профнастил | B6: Штакет | C6: ШТ Шахматка
A7: TRUE | B7: FALSE | C7: FALSE
A8: 4. Выберете ширину зазора между штакетом
A9: 0.04
A10: Профлист RAL 0.45мм профиль С8
A12: 6. Выберите цвет RAL финишного покрытия
A13: RAL 8017
A14: 7. Выберите способ крепления
A15: Саморез кровельный в цвет
A16: 8. Выберите наличие ворот и калиток и количество
A17: Калитка | B17: TRUE | C17: FALSE
A18: Ворота откатные | B18: TRUE | C18: FALSE
A19: Ворота распашные | B19: FALSE | C19: FALSE
A20: 9. Выберите столбы
A21: Столб заборный 60х60х2мм | C21: TRUE
A22: Столб заборный 73мм НКТ | C22: FALSE
A23: Столб заборный 60х40х2мм | C23: FALSE
A24: Столб заборный 80х80х2мм | C24: FALSE
A25: 10. Количество рядов лаг
A26: 2 ряда | C26: TRUE
A27: 3 ряда | C27: FALSE
A28: 11. Расстояние до объекта
A29: 60
A30: 12. Расcчитать фундамент (Поставьте галочку и введите параметры ниже): | C30: TRUE
A31: Длина (м.п.) | C31: 64
A32: Ширина (метров) | C32: 0.25
A33: Высота (метров) | C33: 0.6
A34: Адрес объекта
A35: КП Заповедник парк Совята уч 81
A36: Контактное лицо и телефон
A37: Борис Борисович +7-912-297-11-79

Sheet Параметры для расчета
A1: Расчет показателей | C1: кол-во | E1: цена
A2: Количество столбов под забор | C2: =('Ввод информации'!A2-(D43*1)-(D44*4)-(D45*4))/3 -> 41 | D2: 41
A3: Цена установки столбов | E3: =IF('Ввод информации'!A2<30,500,IF('Ввод информации'!A2<50,450,400)) -> 400
A4: Монтаж забора | D4: ='Ввод информации'!A2-(D5*4)-(D6*4)-D7 -> 123 | E4: =IF('Ввод информации'!A2<30,1000,IF('Ввод информации'!A2<50,900,IF('Ввод информации'!A2<100,800,700))) -> 700 | F4: =E4+150 -> 850
A5: Монтаж ворот откатных | D5: =IF('Ввод информации'!B18,1,0)+IF('Ввод информации'!C18,1,0) -> 1 | E5: =Цены!C23 -> 32000
A6: Монтаж ворот распашных | D6: =IF('Ввод информации'!B19,1,0)+IF('Ввод информации'!C19,1,0) -> 0 | E6: =Цены!C24 -> 7500
A7: Монтаж калитки | D7: =IF('Ввод информации'!B17,1,0)+IF('Ввод информации'!C17,1,0) -> 1 | E7: =Цены!C25 -> 4500
A8: Покраска металлоконструкции | D8: =(D50*3)+(D2*2)+(D43*7)+(D44*70)+(D45*40) -> 405 | E8: =IF('Ввод информации'!A2<30,50,IF('Ввод информации'!A2<50,30,25)) -> 25
A9: Монтажные работы по заливке фундамента | C9: =IF(C64>8,"м3", IF(C64<8,"м.п.")) -> м3 | D9: =IF(C64>8,C64, IF(C64<8,'Ввод информации'!C31)) -> 9.6 | E9: =IF(C64>8,4900, IF(C64<8,1900)) -> 4900
A11: Расчет финишного материала
A12: Профлист
A13: =IF('Ввод информации'!A7=TRUE,'Ввод информации'!A10, IF('Ввод информации'!A7=FALSE," ", IF('Ввод информации'!B7=TRUE," ",IF('Ввод информации'!C7=TRUE," ", )))) -> Профлист RAL 0.45мм профиль С8 | C13: =('Ввод информации'!A2/1.15)+'Параметры для расчета'!D43+'Параметры для расчета'!D44+'Параметры для расчета'!D45 -> 113.30435 | D13: 114 | E13: =IFERROR(VLOOKUP(A13,Цены!A44:B54,2,0),0)*'Ввод информации'!A4*1.22 -> 1134.6
A15: Штакет
A16: ='Ввод информации'!A10 -> Профлист RAL 0.45мм профиль С8 | C16: ='Ввод информации'!A2/(C17+C18) -> 3200 | D16: 3200 | E16: =IFERROR(VLOOKUP(A16,Цены!A55:B89,2,0),0)*'Ввод информации'!A4 -> 0
A17: Ширина | C17: =IFERROR(VLOOKUP(A16,A85:B109,2,0),0) -> 0
A18: Зазор | C18: ='Ввод информации'!A9 -> 0.04
A19: 0.01
A20: 0.02
A21: 0.03
A22: 0.04
A23: 0.05
A24: 0.06
A25: 0.07
A26: 0.08
A28: Шахматка | C28: =D16*2 -> 6400 | D28: 6400 | E28: =E16*2 -> 0
A30: Саморез кровельный в цвет | E30: 3.5
A31: Саморез с пресс-шайбой | E31: 1.5
A32: саморез | E32: =VLOOKUP('Ввод информации'!A15,A30:E31,5) -> 3.5
A33: Профнастил | C33: ='Ввод информации'!A2*'Ввод информации'!A4*6 -> 1536 | D33: =ROUNDUP(C33/250,0)*250 -> 1750
A34: Штакетник | D34: =D16*4 -> 12800
A35: Наибольшее значение | D35: =LARGE(D33:D34,1) -> 12800
A37: Столб заборный 60х60х2мм | C37: =IF('Ввод информации'!C21,1,0) -> 1 | D37: =IF(C37,1,0) -> 1
A38: Столб заборный 73мм НКТ | C38: =IF('Ввод информации'!C22,1,0) -> 0 | D38: =IF(C38,2,0) -> 0
A39: Столб заборный 60х40х2мм | C39: =IF('Ввод информации'!C23,1,0) -> 0 | D39: =IF(C39,3,0) -> 0
A40: Столб заборный 80х80х2мм | C40: =IF('Ввод информации'!C24,1,0) -> 0 | D40: =IF(C40,4,0) -> 0
A41: =IF('Ввод информации'!C21,'Ввод информации'!A21,IF('Ввод информации'!C22,'Ввод информации'!A22,IF('Ввод информации'!C23,'Ввод информации'!A23,IF('Ввод информации'!C24,'Ввод информации'!A24)))) -> Столб заборный 60х60х2мм | D41: =IF('Ввод информации'!C21,1,IF('Ввод информации'!C22,2,IF('Ввод информации'!C23,3,IF('Ввод информации'!C24,4)))) -> 1 | E41: =+CHOOSE(D41,Цены!C6,Цены!C7,Цены!C8,Цены!C9) -> 944
A43: Калитка | D43: =IF('Ввод информации'!B17,1,0)+IF('Ввод информации'!C17,1,0) -> 1
A44: Ворота откатные | D44: =IF('Ввод информации'!B18,1,0)+IF('Ввод информации'!C18,1,0) -> 1
A45: Ворота распашные | D45: =IF('Ввод информации'!B19,1,0)+IF('Ввод информации'!C19,1,0) -> 0 | F45: Каркас ворот распашных с доборными элементами стандартный размер
A46: Количество столбов под ворота и калитки | D46: =(D43*2)+(D44*2)+(D45*2) -> 4 | E46: 1275
A48: Электроды | C48: ='Ввод информации'!A2/120 -> 1.0666667 | D48: 2 | E48: =Цены!C18 -> 2600
A49: Краска | C49: ='Ввод информации'!A2/30 -> 4.2666667 | D49: 5 | E49: =Цены!C17 -> 2200
A50: Лага заборная 40х20х3000мм стенка 1,5мм | C50: =IF('Ввод информации'!C26,2,0)+IF('Ввод информации'!C27,3,0) -> 2 | D50: =C50*D2 -> 82 | E50: =Цены!C19 -> 362
A51: Цемент | C51: =(D2/4)+(D43/2)+(D45/2)+(D44*4) -> 14.75 | D51: 15 | E51: 550
A52: Щебень | C52: =D2+(D43*2)+(D44*6)+(D45*2)-(D2/2*1) -> 28.5 | D52: 29 | E52: 170
A53: Отсев | D53: 29 | E53: 170
A55: Доставка+ГСМ монтажников | E55: ='Ввод информации'!A29*17*12 -> 12240
A57: Диски отрезные 125х1,2 | C57: ='Ввод информации'!A2/10 -> 12.8 | D57: 13 | E57: 35
A58: Валик с бюгелем полиакриловый | D58: =IF('Ввод информации'!A2<50,3, IF('Ввод информации'!A2>50,6,)) -> 6 | E58: 250
A59: Цинк холодный в далончике для обработки швов | D59: =IF('Ввод информации'!A2<100,1, IF('Ввод информации'!A2=100,1,IF('Ввод информации'!A2>100,2,))) -> 2 | E59: 450
A60: Ветошь для обработки перед нанесением ЛКМ | D60: 1 | E60: 100
A61: Обезжириватель для обработки перед нанесением ЛКМ | D61: 1 | E61: 190
A63: Фундамент
A64: Бетон марки М300 W8 степень текучести Р4 | C64: ='Ввод информации'!C31*'Ввод информации'!C32*'Ввод информации'!C33 -> 9.6
A65: Доска 40х200х6000 естественной влажности для опалубки | C65: 33 | D65: =C65*'Ввод информации'!C33/10*0.2*6 -> 2.376
A66: Фиксатор арматуры стульчик | C66: ='Ввод информации'!C31*10 -> 640 | D66: =ROUND(C66/100,0)*100 -> 600
A67: Фиксатор арматуры звездочка | C67: ='Ввод информации'!C31*10 -> 640 | D67: =ROUND(C67/100,0)*100 -> 600
A68: Пленка техническая 150мкр рукав 1,5 метра | C68: ='Ввод информации'!C31+10 -> 74 | D68: 74
A69: Саморезы для опалубки | C69: ='Ввод информации'!C31/10 -> 6.4 | D69: 7
A70: Арматура 12 мм А500С ГОСТ 52544-2006 | C70: =(('Ввод информации'!C31/5.85)+'Ввод информации'!C31)*4 -> 299.76068 | D70: =C70 -> 299.76068
A71: Катанка 6.5 мм для поперечного сечения | C71: =(('Ввод информации'!C31/0.3)+1)/3 -> 71.444444 | D71: =C71*5.85 -> 417.95
A72: Проволка для связки опалубки 3мм катанка | C72: ='Ввод информации'!C31/10*2.5 -> 16
C74: цена | D74: ширина | E74: зазор | F74: ширина+зазор | G74: количество | H74: округлвверх | I74: цена(*высота)
A75: Профлист оцинкованный 0,4 | C75: 348 | G75: =('Ввод информации'!A2/1.15)+'Параметры для расчета'!D43+'Параметры для расчета'!D44+'Параметры для расчета'!D45 -> 113.30435 | H75: 114 | I75: =1.22*'Ввод информации'!A4*C75 -> 849.12
A76: Профлист оцинкованный 0,45 | C76: 384 | G76: =('Ввод информации'!A2/1.15)+'Параметры для расчета'!D43+'Параметры для расчета'!D44+'Параметры для расчета'!D45 -> 113.30435 | H76: 114 | I76: =1.22*'Ввод информации'!A4*C76 -> 936.96
A77: Профлист оцинкованный 0,5 | C77: 400 | G77: =('Ввод информации'!A2/1.15)+'Параметры для расчета'!D43+'Параметры для расчета'!D44+'Параметры для расчета'!D45 -> 113.30435 | H77: 114 | I77: =1.22*'Ввод информации'!A4*C77 -> 976
A78: Профлист RAL 0,4 | C78: 434 | G78: =('Ввод информации'!A2/1.15)+'Параметры для расчета'!D43+'Параметры для расчета'!D44+'Параметры для расчета'!D45 -> 113.30435 | H78: 114 | I78: =1.22*'Ввод информации'!A4*C78 -> 1058.96
A79: Профлист RAL 0,45 | C79: 465 | G79: =('Ввод информации'!A2/1.15)+'Параметры для расчета'!D43+'Параметры для расчета'!D44+'Параметры для расчета'!D45 -> 113.30435 | H79: 114 | I79: =1.22*'Ввод информации'!A4*C79 -> 1134.6
A80: Профлист RAL 0,5 | C80: 486 | G80: =('Ввод информации'!A2/1.15)+'Параметры для расчета'!D43+'Параметры для расчета'!D44+'Параметры для расчета'!D45 -> 113.30435 | H80: 114 | I80: =1.22*'Ввод информации'!A4*C80 -> 1185.84
A81: Профлист покрытие Printech | C81: 603 | G81: =('Ввод информации'!A2/1.15)+'Параметры для расчета'!D43+'Параметры для расчета'!D44+'Параметры для расчета'!D45 -> 113.30435 | H81: 114 | I81: =1.22*'Ввод информации'!A4*C81 -> 1471.32
A82: Профлист двухсторонний 0,45 | C82: 505 | G82: =('Ввод информации'!A2/1.15)+'Параметры для расчета'!D43+'Параметры для расчета'!D44+'Параметры для расчета'!D45 -> 113.30435 | H82: 114 | I82: =1.22*'Ввод информации'!A4*C82 -> 1232.2
A83: Профлист двухсторонний под дерево 0,45 | C83: 674 | G83: =('Ввод информации'!A2/1.15)+'Параметры для расчета'!D43+'Параметры для расчета'!D44+'Параметры для расчета'!D45 -> 113.30435 | H83: 114 | I83: =1.22*'Ввод информации'!A4*C83 -> 1644.56
A85: Штакет оцинкованный 75 | B85: 0.075
A86: Штакет оцинкованный 100 | B86: 0.1
A87: Штакет оцинкованный 110 | B87: 0.11
A88: Штакет оцинкованный 120 | B88: 0.12
A89: Штакет оцинкованный 131 | B89: 0.31
A90: Штакет покрытие Printech одностороннее 75 | B90: 0.075
A91: Штакет покрытие Printech одностороннее 100 | B91: 0.1
A92: Штакет покрытие Printech одностороннее 110 | B92: 0.11
A93: Штакет покрытие Printech одностороннее 120 | B93: 0.12
A94: Штакет покрытие Printech одностороннее 131 | B94: 0.31
A95: Штакет покрытие Printech двухстороннее 75 | B95: 0.075
A96: Штакет покрытие Printech двухстороннее 100 | B96: 0.1
... A109: Штакет покрытие двухсторонний 131 | B109: 0.31

Sheet Итог
E1: 1
E2: Общество с ограниченной ответственностью
E3: "Дача 2000"
E4: 624091, Свердловская обл., г. Екатеринбург, ул. 8 Марта, д. 207, оф. 27.
E5: Калькуляция №1
E6: 1
E7: 1
B8: Наименование объекта: Монтаж забора | E8: 1 | G8: ='Ввод информации'!A35 -> КП Заповедник парк Совята уч 81
B9: ='Ввод информации'!A37 -> Борис Борисович +7-912-297-11-79 | E9: 1 | G9: Забор из штакетника в шахматном порядке с шагом 4см.
E10: 1 | H10: Сметная стоимость: | J10: =J11+J12 -> 806636.82
E11: 1 | H11: Стоимость работы: | J11: =I58 -> 240015
E12: 1 | H12: Стоимость материалов: | J12: =J58 -> 566621.82
A13: № п/п | B13: Наименование работ и затрат | C13: Ед. изм. | D13: Коэфф | E13: 1 | F13: Стоимость единицы, руб | H13: Общая стоимость, руб
E14: Кол-во | F14: в т.ч.: | H14: Всего | I14: в т.ч.:
E15: 1 | F15: Стоимость работ | G15: Стоимость материала | I15: Стоимость работ | J15: Стоимость материала
A16: 1 | B16: Монтаж столбов на глубину бурения. Выставление по уровню в 2 осях, с заливкой бетоном. Расстояние по осям не более 3х метров. | C16: шт. | D16: 1 | E16: 25 | F16: ='Параметры для расчета'!E3 -> 400 | H16: =E16*F16 -> 10000 | I16: =H16 -> 10000
A17: 2 | B17: Бурение отверстий в грунте глубиной 1500мм | C17: шт | D17: 1 | E17: 25 | F17: ='Параметры для расчета'!E3 -> 400 | H17: =E17*F17 -> 10000 | I17: =H17 -> 10000
A18: 3 | B18: Монтаж забора | C18: м.п. | D18: 1 | E18: 113 | F18: 950 | H18: =E18*F18 -> 107350 | I18: =H18 -> 107350
A19: 4 | B19: ='Параметры для расчета'!A5 -> Монтаж ворот откатных | C19: шт | D19: 1 | E19: ='Параметры для расчета'!D5 -> 1 | F19: ='Параметры для расчета'!E5 -> 32000 | H19: =E19*F19 -> 32000 | I19: =H19 -> 32000
A20: 5 | B20: ='Параметры для расчета'!A6 -> Монтаж ворот распашных | C20: шт | D20: 1 | E20: ='Параметры для расчета'!D6 -> 0 | F20: ='Параметры для расчета'!E6 -> 7500 | H20: =E20*F20 -> 0 | I20: =H20 -> 0
A21: 5 | B21: ='Параметры для расчета'!A7 -> Монтаж калитки | C21: шт | D21: 1 | E21: ='Параметры для расчета'!D7 -> 1 | F21: ='Параметры для расчета'!E7 -> 4500 | H21: =E21*F21 -> 4500 | I21: =H21 -> 4500
A22: 6 | B22: ='Параметры для расчета'!A8 -> Покраска металлоконструкции | C22: м.п. | D22: 1 | E22: 397 | F22: ='Параметры для расчета'!E8 -> 25 | H22: =E22*F22 -> 9925 | I22: =H22 -> 9925
A23: 7 | B23: =IF('Ввод информации'!C30=TRUE,'Параметры для расчета'!A9, IF('Ввод информации'!C30=FALSE,)) -> Монтажные работы по заливке фундамента | C23: =IF('Ввод информации'!C30=TRUE,'Параметры для расчета'!C9, IF('Ввод информации'!C30=FALSE,)) -> м3 | D23: =IF('Ввод информации'!C30=TRUE,1, IF('Ввод информации'!C30=FALSE,0)) -> 1 | E23: =IF('Ввод информации'!C30=TRUE,'Параметры для расчета'!D9, IF('Ввод информации'!C30=FALSE,0)) -> 9.6 | F23: 6900 | H23: =E23*F23 -> 66240 | I23: =H23 -> 66240
A24: 8 | B24: =IF(H24=0," ",IF(H24>0,'Ввод информации'!A10)) -> Профлист RAL 0.45мм профиль С8 | C24: шт | D24: 1 | E24: 85 | G24: 1469 | H24: =E24*G24 -> 124865 | J24: =H24 -> 124865
A25: 9 | B25: ='Ввод информации'!A15 -> Саморез кровельный в цвет | C25: шт | D25: 1 | E25: 1250 | G25: ='Параметры для расчета'!E32 -> 3.5 | H25: =E25*G25 -> 4375 | J25: =H25 -> 4375
A26: 10 | B26: Штакет 131мм под дерево | C26: шт | D26: 1 | E26: 285 | G26: 368 | H26: =E26*G26 -> 104880 | J26: =H26 -> 104880
A27: 11 | B27: Саморез с пресшайбой | C27: шт | D27: 1 | E27: 1500 | G27: 1.5 | H27: =E27*G27 -> 2250 | J27: =H27 -> 2250
A28: 12 | B28: ='Параметры для расчета'!A41 -> Столб заборный 60х60х2мм | C28: шт | D28: 1 | E28: 14 | G28: ='Параметры для расчета'!E41 -> 944 | H28: =E28*G28 -> 13216 | J28: =H28 -> 13216
A29: 3 | B29: Столб под ворота и калитки 80х80х3000 стенка 2мм | C29: шт | D29: 1 | E29: 13 | G29: ='Параметры для расчета'!E46 -> 1275 | H29: =E29*G29 -> 16575 | J29: =H29 -> 16575
A30: 14 | B30: Электроды сварочные Ок-46 3мм | C30: шт | D30: 1 | E30: ='Параметры для расчета'!D48 -> 2 | G30: ='Параметры для расчета'!E48 -> 2600 | H30: =E30*G30 -> 5200 | J30: =H30 -> 5200
A31: 15 | B31: Краска грунт эмаль по ржавчине 3в1 | C31: шт | D31: 1 | E31: ='Параметры для расчета'!D49 -> 5 | G31: ='Параметры для расчета'!E49 -> 2200 | H31: =E31*G31 -> 11000 | J31: =H31 -> 11000
A32: 16 | B32: Лага заборная 40х20х3000мм стенка 1,5мм | C32: шт | D32: 1 | E32: ='Параметры для расчета'!D50 -> 82 | G32: ='Параметры для расчета'!E50 -> 362 | H32: =E32*G32 -> 29684 | J32: =H32 -> 29684
A33: 17 | B33: Каркас ворот откатных с доборными элементами и швеллером стандартный размер | C33: шт | D33: 1 | E33: ='Параметры для расчета'!D44 -> 1 | G33: =Цены!C2 -> 45500 | H33: =E33*G33 -> 45500 | J33: =H33 -> 45500
A34: 17 | B34: Каркас ворот распашных с доборными элементами стандартный размер | C34: шт | D34: 1 | E34: ='Параметры для расчета'!D45 -> 0 | G34: =Цены!C3 -> 19500 | H34: =E34*G34 -> 0 | J34: =H34 -> 0
A35: 18 | B35: Каркас калитки стандартный размер | C35: шт | D35: 1 | E35: ='Параметры для расчета'!D43 -> 1 | G35: =Цены!C4 -> 9500 | H35: =E35*G35 -> 9500 | J35: =H35 -> 9500
A36: 19 | B36: Валик полиакрил в комплекте с бюгелем | C36: шт | D36: 1 | E36: ='Параметры для расчета'!D58 -> 6 | G36: ='Параметры для расчета'!E58 -> 250 | H36: =E36*G36 -> 1500 | J36: =H36 -> 1500
A37: 20 | B37: Заглушки для столбов в подарок | C37: шт | D37: 1 | E37: =E28+E29 -> 27 | G37: 0 | H37: =E37*G37 -> 0 | J37: =H37 -> 0
A38: 21 | B38: Замок в калитку с ручкой (цилиндр и механизм Zn) | C38: шт | D38: 1 | E38: ='Параметры для расчета'!D43 -> 1 | G38: =Цены!C1 -> 2250 | H38: =E38*G38 -> 2250 | J38: =H38 -> 2250
A39: 22 | B39: Диски отрезные 125х1,2 | C39: шт | D39: 1 | E39: ='Параметры для расчета'!D57 -> 13 | G39: ='Параметры для расчета'!E57 -> 35 | H39: =G39*E39 -> 455 | J39: =G39 -> 35
A40: 23 | B40: Цинк холодный в балончике для обработки швов | C40: шт | D40: 1 | E40: ='Параметры для расчета'!D59 -> 2 | G40: ='Параметры для расчета'!E59 -> 450 | H40: =G40*E40 -> 900 | J40: =G40 -> 450
A41: 24 | B41: Ветошь для обработки перед нанесением ЛКМ | C41: шт | D41: 1 | E41: ='Параметры для расчета'!D60 -> 1 | G41: ='Параметры для расчета'!E60 -> 100 | H41: =G41*E41 -> 100 | J41: =G41 -> 100
A42: 25 | B42: Обезжириватель для обработки перед нанесением ЛКМ | C42: шт | D42: 1 | E42: ='Параметры для расчета'!D61 -> 1 | G42: ='Параметры для расчета'!E61 -> 190 | H42: =G42*E42 -> 190 | J42: =G42 -> 190
A43: 26 | B43: =IF('Ввод информации'!C30=TRUE," ",IF('Ввод информации'!C30=FALSE,'Параметры для расчета'!A51)) | C43: =IF('Ввод информации'!C30=TRUE," ",IF('Ввод информации'!C30=FALSE,"шт")) | D43: =IF('Ввод информации'!C30=TRUE," ",IF('Ввод информации'!C30=FALSE,1)) | E43: =IF('Ввод информации'!C30=TRUE,0,IF('Ввод информации'!C30=FALSE,'Параметры для расчета'!D51)) -> 0 | G43: =IF('Ввод информации'!C30=TRUE,0,IF('Ввод информации'!C30=FALSE,'Параметры для расчета'!E51)) -> 0 | H43: =G43*E43 -> 0 | J43: =G43 -> 0
A44: =IF('Ввод информации'!C30=TRUE," ",IF('Ввод информации'!C29=FALSE,27)) | B44: =IF('Ввод информации'!C30=TRUE," ",IF('Ввод информации'!C30=FALSE,'Параметры для расчета'!A52)) | C44: =IF('Ввод информации'!C30=TRUE," ",IF('Ввод информации'!C30=FALSE,"шт")) | D44: =IF('Ввод информации'!C30=TRUE," ",IF('Ввод информации'!C30=FALSE,1)) | E44: =IF('Ввод информации'!C30=TRUE,0,IF('Ввод информации'!C30=FALSE,'Параметры для расчета'!D52)) -> 0 | G44: =IF('Ввод информации'!C30=TRUE,0,IF('Ввод информации'!C30=FALSE,'Параметры для расчета'!E52)) -> 0 | H44: =G44*E44 -> 0 | J44: =G44 -> 0
A45: =IF('Ввод информации'!C30=TRUE," ",IF('Ввод информации'!C30=FALSE,28)) | B45: =IF('Ввод информации'!C30=TRUE," ",IF('Ввод информации'!C30=FALSE,'Параметры для расчета'!A53)) | C45: =IF('Ввод информации'!C30=TRUE," ",IF('Ввод информации'!C30=FALSE,"шт")) | D45: =IF('Ввод информации'!C30=TRUE," ",IF('Ввод информации'!C30=FALSE,1)) | E45: =IF('Ввод информации'!C30=TRUE,0,IF('Ввод информации'!C30=FALSE,'Параметры для расчета'!D53)) -> 0 | G45: =IF('Ввод информации'!C30=TRUE,0,IF('Ввод информации'!C30=FALSE,'Параметры для расчета'!E53)) -> 0 | H45: =G45*E45 -> 0 | J45: =G45 -> 0
A46: 26 | B46: Привод для откатных ворот | C46: шт | D46: 1 | E46: 1 | G46: 33500 | H46: =G46*E46 -> 33500 | J46: =G46 -> 33500
B47: =IF('Ввод информации'!C30=TRUE,'Параметры для расчета'!A63,IF('Ввод информации'!C30=FALSE," ")) -> Фундамент | E47: 1
A48: =IF('Ввод информации'!C30=TRUE,27,IF('Ввод информации'!C30=FALSE," ")) -> 27 | B48: =IF('Ввод информации'!C30=TRUE,'Параметры для расчета'!A64,IF('Ввод информации'!C30=FALSE," ")) -> Бетон марки М300 W8 степень текучести Р4 | C48: =IF('Ввод информации'!C30=TRUE,"м3", IF('Ввод информации'!C30=FALSE, )) -> м3 | D48: =IF('Ввод информации'!C30=TRUE,1, IF('Ввод информации'!C30=FALSE,0)) -> 1 | E48: =IF('Ввод информации'!C30=TRUE,'Параметры для расчета'!C64, IF('Ввод информации'!C30=FALSE,0)) -> 9.6 | G48: =IF('Ввод информации'!C30=TRUE,Цены!C172, IF('Ввод информации'!C30=FALSE,0)) -> 6900 | H48: =E48*G48 -> 66240 | J48: =H48 -> 66240
A49: =IF('Ввод информации'!C30=TRUE,28,IF('Ввод информации'!C30=FALSE," ")) -> 28 | B49: =IF('Ввод информации'!C30=TRUE,'Параметры для расчета'!A65,IF('Ввод информации'!C30=FALSE," ")) -> Доска 40х200х6000 естественной влажности для опалубки | C49: =IF('Ввод информации'!C30=TRUE,"м3", IF('Ввод информации'!C30=FALSE, )) -> м3 | D49: =IF('Ввод информации'!C30=TRUE,1, IF('Ввод информации'!C30=FALSE,0)) -> 1 | E49: =IF('Ввод информации'!C30=TRUE,'Параметры для расчета'!D65, IF('Ввод информации'!C30=FALSE,0)) -> 2.376 | G49: =IF('Ввод информации'!C30=TRUE,Цены!C173, IF('Ввод информации'!C30=FALSE,0)) -> 14500 | H49: =E49*G49 -> 34452 | J49: =H49 -> 34452
A50: =IF('Ввод информации'!C30=TRUE,29,IF('Ввод информации'!C30=FALSE," ")) -> 29 | B50: =IF('Ввод информации'!C30=TRUE,'Параметры для расчета'!A66,IF('Ввод информации'!C30=FALSE," ")) -> Фиксатор арматуры стульчик | C50: =IF('Ввод информации'!C30=TRUE,"шт", IF('Ввод информации'!C30=FALSE, )) -> шт | D50: =IF('Ввод информации'!C30=TRUE,1, IF('Ввод информации'!C30=FALSE,0)) -> 1 | E50: =IF('Ввод информации'!C30=TRUE,'Параметры для расчета'!D66, IF('Ввод информации'!C30=FALSE,0)) -> 600 | G50: =IF('Ввод информации'!C30=TRUE,Цены!C174, IF('Ввод информации'!C30=FALSE,0)) -> 3.5 | H50: =E50*G50 -> 2100 | J50: =H50 -> 2100
A51: =IF('Ввод информации'!C30=TRUE,31,IF('Ввод информации'!C30=FALSE," ")) -> 31 | B51: =IF('Ввод информации'!C30=TRUE,'Параметры для расчета'!A67,IF('Ввод информации'!C30=FALSE," ")) -> Фиксатор арматуры звездочка | C51: =IF('Ввод информации'!C30=TRUE,"шт", IF('Ввод информации'!C30=FALSE, )) -> шт | D51: =IF('Ввод информации'!C30=TRUE,1, IF('Ввод информации'!C30=FALSE,0)) -> 1 | E51: =IF('Ввод информации'!C30=TRUE,'Параметры для расчета'!D67, IF('Ввод информации'!C30=FALSE,0)) -> 600 | G51: =IF('Ввод информации'!C30=TRUE,Цены!C175, IF('Ввод информации'!C30=FALSE,0)) -> 3.5 | H51: =E51*G51 -> 2100 | J51: =H51 -> 2100
A52: =IF('Ввод информации'!C30=TRUE,32,IF('Ввод информации'!C30=FALSE," ")) -> 32 | B52: =IF('Ввод информации'!C30=TRUE,'Параметры для расчета'!A68,IF('Ввод информации'!C30=FALSE," ")) -> Пленка техническая 150мкр рукав 1,5 метра | C52: =IF('Ввод информации'!C30=TRUE,"м.п.", IF('Ввод информации'!C30=FALSE, )) -> м.п. | D52: =IF('Ввод информации'!C30=TRUE,1, IF('Ввод информации'!C30=FALSE,0)) -> 1 | E52: =IF('Ввод информации'!C30=TRUE,'Параметры для расчета'!D68, IF('Ввод информации'!C30=FALSE,0)) -> 74 | G52: =IF('Ввод информации'!C30=TRUE,Цены!C176, IF('Ввод информации'!C30=FALSE,0)) -> 45 | H52: =E52*G52 -> 3330 | J52: =H52 -> 3330
A53: =IF('Ввод информации'!C30=TRUE,33,IF('Ввод информации'!C30=FALSE," ")) -> 33 | B53: =IF('Ввод информации'!C30=TRUE,'Параметры для расчета'!A69,IF('Ввод информации'!C30=FALSE," ")) -> Саморезы для опалубки | C53: =IF('Ввод информации'!C30=TRUE,"шт", IF('Ввод информации'!C30=FALSE, )) -> шт | D53: =IF('Ввод информации'!C30=TRUE,1, IF('Ввод информации'!C30=FALSE,0)) -> 1 | E53: =IF('Ввод информации'!C30=TRUE,'Параметры для расчета'!D69, IF('Ввод информации'!C30=FALSE,0)) -> 7 | G53: 450 | H53: =E53*G53 -> 3150 | J53: =H53 -> 3150
A54: =IF('Ввод информации'!C30=TRUE,34,IF('Ввод информации'!C30=FALSE," ")) -> 34 | B54: =IF('Ввод информации'!C30=TRUE,'Параметры для расчета'!A70,IF('Ввод информации'!C30=FALSE," ")) -> Арматура 12 мм А500С ГОСТ 52544-2006 | C54: =IF('Ввод информации'!C30=TRUE,"м.п.", IF('Ввод информации'!C30=FALSE, )) -> м.п. | D54: =IF('Ввод информации'!C30=TRUE,1, IF('Ввод информации'!C30=FALSE,0)) -> 1 | E54: =IF('Ввод информации'!C30=TRUE,'Параметры для расчета'!D70, IF('Ввод информации'!C30=FALSE,0)) -> 299.76068 | G54: =IF('Ввод информации'!C30=TRUE,Цены!C178, IF('Ввод информации'!C30=FALSE,0)) -> 63 | H54: =E54*G54 -> 18884.923 | J54: =H54 -> 18884.923
A55: =IF('Ввод информации'!C30=TRUE,35,IF('Ввод информации'!C30=FALSE," ")) -> 35 | B55: =IF('Ввод информации'!C30=TRUE,'Параметры для расчета'!A71,IF('Ввод информации'!C30=FALSE," ")) -> Катанка 6.5 мм для поперечного сечения | C55: =IF('Ввод информации'!C30=TRUE,"м.п.", IF('Ввод информации'!C30=FALSE, )) -> м.п. | D55: =IF('Ввод информации'!C30=TRUE,1, IF('Ввод информации'!C30=FALSE,0)) -> 1 | E55: =IF('Ввод информации'!C30=TRUE,'Параметры для расчета'!D71, IF('Ввод информации'!C30=FALSE,0)) -> 417.95 | G55: =IF('Ввод информации'!C30=TRUE,Цены!C179, IF('Ввод информации'!C30=FALSE,0)) -> 22 | H55: =E55*G55 -> 9194.9 | J55: =H55 -> 9194.9
A56: =IF('Ввод информации'!C30=TRUE,36,IF('Ввод информации'!C30=FALSE," ")) -> 36 | B56: =IF('Ввод информации'!C30=TRUE,'Параметры для расчета'!A72,IF('Ввод информации'!C30=FALSE," ")) -> Проволка для связки опалубки 3мм катанка | C56: =IF('Ввод информации'!C30=TRUE,"кг", IF('Ввод информации'!C30=FALSE, )) -> кг | D56: =IF('Ввод информации'!C30=TRUE,1, IF('Ввод информации'!C30=FALSE,0)) -> 1 | E56: =IF('Ввод информации'!C30=TRUE,'Параметры для расчета'!C72, IF('Ввод информации'!C30=FALSE,0)) -> 16 | G56: =IF('Ввод информации'!C30=TRUE,Цены!C180, IF('Ввод информации'!C30=FALSE,0)) -> 350 | H56: =E56*G56 -> 5600 | J56: =H56 -> 5600
B57: Доставка+ГСМ монтажников | C57: шт | D57: 1 | E57: 1 | G57: 16500 | H57: =E57*G57 -> 16500 | J57: =H57 -> 16500
E58: 1 | G58: ИТОГО: | H58: =SUM(H16:H57) -> 807506.82 | I58: =SUM(I16:I57) -> 240015 | J58: =SUM(J16:J57) -> 566621.82
E59: 1
B60: Стоимость строительных работ забора по адресу: | C60: =H58 -> 807506.82 | E60: 1
E61: 1
B62: СОГЛАСОВАНО : | C62: Подрядчик: | E62: ООО "Дача 2000" | H62: Заказчик:
E63: 1
C64: _____________________________ | E64: 1 | H64: _______________________________
C65: М.П. | E65: 1

Sheet Цены
A1: Замок в калитку | C1: 2250
A2: Ворота откатные со швеллером балкой и роликами | C2: 45500
A3: Ворота распашные стандарт | C3: 19500
A4: Калитка стандарт | C4: 9500
A6: Столб 60х60х2мм | C6: 944
A7: Столб 73мм НКТ | C7: 1042
A8: Столб 60х40х2мм | C8: 772
A9: Столб 80х80х2мм | C9: 1273
A11: Профнастил, цена за м2 | C11: 344
A14: Цемент | C14: 450
A15: Щебень | C15: 160
A16: Отсев | C16: 160
... A25: Монтаж калитки | C25: 4500
A27: Столбы: | C27: цена м.п.
A28: Столб (профильная труба) 60х60 станка 2мм под покраску
A29: Столб НКТ диаметр 73мм толщина стенки 5,5мм под покраску
A30: Столб НКТ диаметр 60мм толщина стенки 5мм под покраску
A31: Столб (профильная труба) 60х40 станка 2мм под покраску
A32: Столб (профильная труба) 80х80 станка 2мм под покраску
A33: Столб (профильная труба) 100х100 станка 2мм под покраску
A34: Столб каменное дерево EcoGreen 95х95х3000
A35: Столб каменное дерево EcoBurn 100х100х3000
A36: Столб (профильная труба) 60х40 станка 1,5мм ППЛД
A37: Столб (профильная труба) 60х60 станка 1,5мм ППЛД
A38: Столб (профильная труба) 62х55 станка 1,5мм ППЛД
A39: Столб (профильная труба) 60х60 станка 2мм ППЛД
A41: Лага заборная 40х20х3000 под покраску
A43: Финишный материал: | C43: цена за ед. измерения
A44: Профлист оцинкованный 0.4мм профиль С8 | B44: 348 | C44: 342
A45: Профлист оцинкованный 0.45мм профиль С8 | B45: 384 | C45: 377
A46: Профлист оцинкованный 0.5мм профиль С8 | B46: 400 | C46: 394
A47: Профлист RAL 0.4мм профиль С8 | B47: 434 | C47: 430
A48: Профлист RAL 0.45мм профиль С8 | B48: 465 | C48: 460
A49: Профлист RAL 0.5мм профиль С8 | B49: 486 | C49: 486
A50: Профлист RAL 0.4мм 2х сторонний профиль С8
A51: Профлист RAL 0.45мм 2х сторонний профиль С8 | B51: 505 | C51: 505
A52: Профлист RAL 0.5мм 2х сторонний профиль С8 | B52: 526 | C52: 526
A53: Профлист двухсторонний 0.45мм профиль С8 | B53: 505 | C53: 625
A54: Профлист двухсторонний под дерево 0.45мм профиль С8 | B54: 674 | C54: 739
A55: Штакет оцинкованный 75 | B55: 42 | C55: 42
A56: Штакет оцинкованный 100 | B56: 55 | C56: 55
A57: Штакет оцинкованный 110 | B57: 62 | C57: 62
A58: Штакет оцинкованный 120 | B58: 69 | C58: 69
A59: Штакет оцинкованный 131 | B59: 70 | C59: 70
A60: Штакет покрытие Printech одностороннее 75 | B60: 95 | C60: 95
A61: Штакет покрытие Printech одностороннее 100 | B61: 124 | C61: 124
A62: Штакет покрытие Printech одностороннее 110 | B62: 138 | C62: 138
... A69: Штакет покрытие Printech двухстороннее 131 | B69: 184 | C69: 184
A70: Штакет покрытие Printech одностороннее 75 Корея
A71: Штакет покрытие Printech одностороннее 100 Корея
A72: Штакет покрытие Printech одностороннее 110 Корея
A73: Штакет покрытие Printech одностороннее 120 Корея
A74: Штакет покрытие Printech одностороннее 131 Корея
A75: Штакет покрытие Printech двухстороннее 75 Корея
A76: Штакет покрытие Printech двухстороннее 100 Корея
A77: Штакет покрытие Printech двухстороннее 110 Корея
A78: Штакет покрытие Printech двухстороннее 120 Корея
A79: Штакет покрытие Printech двухстороннее 131 Корея
A80: Штакет покрытие односторонний 75 | B80: 68
A81: Штакет полиэстер односторонний 100 | B81: 89
A82: Штакет полиэстер односторонний 110 | B82: 99
A83: Штакет полиэстер односторонний 120 | B83: 111
A84: Штакет покрытие односторонний 131 | B84: 113
A85: Штакет покрытие двухсторонний 75 | B85: 68
A86: Штакет полиэстер двухсторонний 100 | B86: 89
A87: Штакет полиэстер двухсторонний 110 | B87: 99
A88: Штакет полиэстер двухсторонний 120 | B88: 111
A89: Штакет покрытие двухсторонний 131 | B89: 113
A90: Каменное дерево EcoGreen 20х95х1500
A91: Каменное дерево EcoGreen 20х95х2000
A92: Каменное дерево EcoGreen 20х95х3000
A93: Каменное дерево EcoGreen 20х120х1500
A94: Каменное дерево EcoGreen 20х120х2000
A95: Каменное дерево EcoGreen 20х120х3000
A96: Каменное дерево EcoBurn 25х100х1500
A97: Каменное дерево EcoBurn 25х100х2000
A98: Каменное дерево EcoBurn 25х100х3000
A99: Каменное дерево EcoBurn 25х125х1500
A100: Каменное дерево EcoBurn 25х125х2000
A101: Каменное дерево EcoBurn 25х125х3000
... A146: Royal printech 2х сторонний Корея
A148: Расходные материалы | C148: цена за ед. измерения
A149: Цемент ЦЕМ II/А-И 42,5Н, М-500, Д20, 50к
A150: Щебень фракция 20-40 50кг.
A151: Отсев 50кг
A152: Щебень фракция 20-40 для замещения грунта
A153: Краска грунт эмаль 3в1 Dali в цвет финишгого материала или грунта
A154: Каркас калитка шарнирами
A155: Каркас ворот распашных с шарнирами 4шт; фиксаторы створок 3шт; 2 проушины под замок (замок в подарок)
A156: Каркас ворот откатных включая раму; балку и коплектующие балки; регулируемые пластины; швеллер 180мм; метал под противовес.
A157: Замок в калитку с механизмом и ручкой цвет (коричневый или белый)
A158: Саморезы с пресшайбой в цвет финишного материала
A159: Саморез кровельный в цвет финишного материала
A160: Клепка 3.3х6 в цвет финишного материала
A161: Диски отрезные 125х1,2 | C161: 35
A162: Электроды сварочные Ок-46 3мм | C162: 2600
A163: Валик с бюгелем полиакриловый | C163: 250
A164: Мусорные мешки под мусор | C164: 10
A165: Заглушки в столбы (в подарок)
A166: Крепления для забора 3Д
...
